-- Horae development seed data
-- Apply after migrations: sqlx migrate run && sqlite3 horae.db < seed.sql
-- Password hashes are placeholders — auth not implemented yet.

-- ── Users ─────────────────────────────────────────────────────────────────────
INSERT OR IGNORE INTO users (id, email, display_name, password_hash, role, created_at, updated_at) VALUES
  (X'50FC6F728E874E63B5BBAE6B59A79292', 'admin@example.com', 'Admin User',
   '$argon2id$v=19$m=19456,t=2,p=1$c2VlZHBsYWNlaG9sZGVy$placeholder', 'admin',
   '2026-06-01T09:00:00Z', '2026-06-01T09:00:00Z'),
  (X'FF5BF70B5F654666BE301AB64176CB73', 'alice@example.com', 'Alice Smith',
   '$argon2id$v=19$m=19456,t=2,p=1$c2VlZHBsYWNlaG9sZGVy$placeholder', 'user',
   '2026-06-01T09:00:00Z', '2026-06-01T09:00:00Z');

-- ── Clients ───────────────────────────────────────────────────────────────────
INSERT OR IGNORE INTO clients (id, name, email, currency, created_by, created_at, updated_at) VALUES
  (X'0FD3CD2AE556439481FCF87847305326', 'Acme Corp', 'billing@acme.example', 'USD',
   X'50FC6F728E874E63B5BBAE6B59A79292', '2026-06-01T10:00:00Z', '2026-06-01T10:00:00Z'),
  (X'5EAB7C5952034BE8B3E1047BA10AA8B3', 'TechStartup Inc', 'accounts@techstartup.example', 'USD',
   X'50FC6F728E874E63B5BBAE6B59A79292', '2026-06-15T10:00:00Z', '2026-06-15T10:00:00Z');

-- ── Projects ──────────────────────────────────────────────────────────────────
INSERT OR IGNORE INTO projects
  (id, client_id, name, code, budget_hours, billing_method, hourly_rate, is_active, created_at, updated_at)
VALUES
  -- Acme Corp: hourly projects
  (X'1CB9C1526659416ABC74F2D57485F4D9',
   X'0FD3CD2AE556439481FCF87847305326',
   'Website Redesign', 'ACM-WEB', 200.0, 'hourly', 150.0, 1,
   '2026-06-02T10:00:00Z', '2026-06-02T10:00:00Z'),
  (X'B047E4C8EE8644F8B7D663CFD0AF03EC',
   X'0FD3CD2AE556439481FCF87847305326',
   'API Integration', 'ACM-API', 80.0, 'hourly', 175.0, 1,
   '2026-06-10T10:00:00Z', '2026-06-10T10:00:00Z'),
  -- TechStartup: fixed-fee project
  (X'D6116667AA164E5FA01E3B52FEF86B55',
   X'5EAB7C5952034BE8B3E1047BA10AA8B3',
   'Mobile App v2', 'TS-MOB2', NULL, 'fixed', 0.0, 1,
   '2026-06-20T10:00:00Z', '2026-06-20T10:00:00Z');

-- ── Tasks ─────────────────────────────────────────────────────────────────────
INSERT OR IGNORE INTO tasks (id, project_id, name, hourly_rate, is_billable, created_at, updated_at) VALUES
  -- Website Redesign
  (X'93624251EC30475B8AE371D6F2EA88B2',
   X'1CB9C1526659416ABC74F2D57485F4D9', 'Design',       150.0, 1, '2026-06-02T10:00:00Z', '2026-06-02T10:00:00Z'),
  (X'6BACF09E585C449B8867BD0253BCFB14',
   X'1CB9C1526659416ABC74F2D57485F4D9', 'Development',  150.0, 1, '2026-06-02T10:00:00Z', '2026-06-02T10:00:00Z'),
  (X'287A9BB7F32D4C6294F4AF089E062383',
   X'1CB9C1526659416ABC74F2D57485F4D9', 'QA & Testing', 150.0, 1, '2026-06-02T10:00:00Z', '2026-06-02T10:00:00Z'),
  -- API Integration
  (X'AD79B9C099FB4F45A118F8C34711A38E',
   X'B047E4C8EE8644F8B7D663CFD0AF03EC', 'Backend',       175.0, 1, '2026-06-10T10:00:00Z', '2026-06-10T10:00:00Z'),
  (X'8C648F367D464BEFBB90148686D6AA43',
   X'B047E4C8EE8644F8B7D663CFD0AF03EC', 'Documentation', 175.0, 1, '2026-06-10T10:00:00Z', '2026-06-10T10:00:00Z'),
  -- Mobile App
  (X'9FFA578ED2BF417193151619114E31EB',
   X'D6116667AA164E5FA01E3B52FEF86B55', 'iOS',     0.0, 1, '2026-06-20T10:00:00Z', '2026-06-20T10:00:00Z'),
  (X'A4E80B450D5F49AF93F4C86E48465794',
   X'D6116667AA164E5FA01E3B52FEF86B55', 'Android', 0.0, 1, '2026-06-20T10:00:00Z', '2026-06-20T10:00:00Z');

-- ── Invoice (for June Acme work) ───────────────────────────────────────────────
INSERT OR IGNORE INTO invoices
  (id, client_id, invoice_number, status, issued_date, due_date, total_amount, created_at, updated_at)
VALUES
  (X'4BEC84273A314C62BBD82827FE98BB88',
   X'0FD3CD2AE556439481FCF87847305326',
   'INV-2026-001', 'sent', '2026-06-30', '2026-07-30', 2800.00,
   '2026-06-30T18:00:00Z', '2026-06-30T18:00:00Z');

-- ── Time Entries ──────────────────────────────────────────────────────────────
-- June 30 — invoiced
INSERT OR IGNORE INTO time_entries
  (id, user_id, project_id, task_id, started_at, ended_at, duration_seconds,
   notes, is_billable, invoice_id, created_at, updated_at)
VALUES
  (X'133B8442C8E44E3C8FAAA6FDB8799307',
   X'50FC6F728E874E63B5BBAE6B59A79292',
   X'1CB9C1526659416ABC74F2D57485F4D9', X'93624251EC30475B8AE371D6F2EA88B2',
   '2026-06-30T09:00:00Z', '2026-06-30T12:30:00Z', 12600,
   'Initial wireframes and mockups', 1, X'4BEC84273A314C62BBD82827FE98BB88',
   '2026-06-30T12:30:00Z', '2026-06-30T12:30:00Z'),

  (X'A10637CD86A74A30B7B10367DADC4525',
   X'50FC6F728E874E63B5BBAE6B59A79292',
   X'1CB9C1526659416ABC74F2D57485F4D9', X'6BACF09E585C449B8867BD0253BCFB14',
   '2026-06-30T13:30:00Z', '2026-06-30T17:00:00Z', 12600,
   'Homepage component build', 1, X'4BEC84273A314C62BBD82827FE98BB88',
   '2026-06-30T17:00:00Z', '2026-06-30T17:00:00Z'),

  (X'660976D8C419419BA3D8790CEF3B7243',
   X'FF5BF70B5F654666BE301AB64176CB73',
   X'B047E4C8EE8644F8B7D663CFD0AF03EC', X'AD79B9C099FB4F45A118F8C34711A38E',
   '2026-06-30T09:00:00Z', '2026-06-30T13:00:00Z', 14400,
   'OAuth2 endpoint + token refresh', 1, X'4BEC84273A314C62BBD82827FE98BB88',
   '2026-06-30T13:00:00Z', '2026-06-30T13:00:00Z'),

-- July 1
  (X'2C14EE2D12F34D7A9A34E50BD7EFB33E',
   X'50FC6F728E874E63B5BBAE6B59A79292',
   X'1CB9C1526659416ABC74F2D57485F4D9', X'6BACF09E585C449B8867BD0253BCFB14',
   '2026-07-01T09:00:00Z', '2026-07-01T12:00:00Z', 10800,
   'Navigation, routing, breadcrumbs', 1, NULL,
   '2026-07-01T12:00:00Z', '2026-07-01T12:00:00Z'),

  (X'6D214F82659C4018A702BB07158FC213',
   X'FF5BF70B5F654666BE301AB64176CB73',
   X'B047E4C8EE8644F8B7D663CFD0AF03EC', X'AD79B9C099FB4F45A118F8C34711A38E',
   '2026-07-01T13:00:00Z', '2026-07-01T17:00:00Z', 14400,
   'Webhook integration and error handling', 1, NULL,
   '2026-07-01T17:00:00Z', '2026-07-01T17:00:00Z'),

  (X'AAAB000000000000000000000000AAA1',
   X'FF5BF70B5F654666BE301AB64176CB73',
   X'D6116667AA164E5FA01E3B52FEF86B55', X'9FFA578ED2BF417193151619114E31EB',
   '2026-07-01T10:00:00Z', '2026-07-01T15:30:00Z', 19800,
   'Login screen and auth flow (iOS)', 1, NULL,
   '2026-07-01T15:30:00Z', '2026-07-01T15:30:00Z'),

-- July 3
  (X'AAAB000000000000000000000000AAA2',
   X'50FC6F728E874E63B5BBAE6B59A79292',
   X'1CB9C1526659416ABC74F2D57485F4D9', X'287A9BB7F32D4C6294F4AF089E062383',
   '2026-07-03T10:00:00Z', '2026-07-03T14:00:00Z', 14400,
   'Cross-browser testing pass', 1, NULL,
   '2026-07-03T14:00:00Z', '2026-07-03T14:00:00Z'),

-- July 7
  (X'AAAB000000000000000000000000AAA3',
   X'50FC6F728E874E63B5BBAE6B59A79292',
   X'1CB9C1526659416ABC74F2D57485F4D9', X'6BACF09E585C449B8867BD0253BCFB14',
   '2026-07-07T09:00:00Z', '2026-07-07T12:30:00Z', 12600,
   'Dashboard and analytics widgets', 1, NULL,
   '2026-07-07T12:30:00Z', '2026-07-07T12:30:00Z'),

  (X'AAAB000000000000000000000000AAA4',
   X'FF5BF70B5F654666BE301AB64176CB73',
   X'D6116667AA164E5FA01E3B52FEF86B55', X'A4E80B450D5F49AF93F4C86E48465794',
   '2026-07-07T10:00:00Z', '2026-07-07T16:00:00Z', 21600,
   'Push notifications (Android)', 1, NULL,
   '2026-07-07T16:00:00Z', '2026-07-07T16:00:00Z'),

-- July 8 (today) — one running timer, one completed
  (X'AAAB000000000000000000000000AAA5',
   X'50FC6F728E874E63B5BBAE6B59A79292',
   X'B047E4C8EE8644F8B7D663CFD0AF03EC', X'8C648F367D464BEFBB90148686D6AA43',
   '2026-07-08T09:00:00Z', '2026-07-08T10:30:00Z', 5400,
   'API reference docs', 1, NULL,
   '2026-07-08T10:30:00Z', '2026-07-08T10:30:00Z');
